Category,score,reactions,posts,score_share,score_per_reaction
animals,74965,1897,69,0.07699418165758568,39.517659462308906
science,71168,1796,67,0.07309440299082315,39.625835189309576
healthy eating,69339,1717,60,0.0712158949103626,40.383808969132204
technology,68738,1698,68,0.07059862680956612,40.48174322732627
food,66676,1699,62,0.06848081179485337,39.244261330194234
culture,66579,1676,65,0.06838118616128055,39.72494033412888
travel,64880,1647,69,0.06663619697117533,39.39283545840923
cooking,64756,1664,60,0.0665088404911441,38.91586538461539
soccer,57783,1457,63,0.059347092626162515,39.65888812628689
education,57436,1433,57,0.058990699895752556,40.08094905792045
fitness,55323,1395,61,0.05682050439328502,39.65806451612903
studying,54269,1363,54,0.055737974313019634,39.81584739545121
dogs,52511,1338,56,0.05393238808806084,39.24588938714499
tennis,50339,1328,53,0.05170159555073975,37.9058734939759
veganism,49619,1248,50,0.050962106311848776,39.7588141025641
public speaking,49264,1217,48,0.05059749703434003,40.47986852917009
